,cycle,ambient_temperature,datetime,sense_current,battery_current,battery_impedance,rectified_impedance,Re,Rct
0,1,24,2008-04-18 20:55:29,(-1+1j),(-1+1j),(-0.43892624830326377-0.107298295835479j),(0.07006937798290404-0.00047998469078178944j),0.04466870036616091,0.06945627304536996
1,2,24,2008-04-18 22:39:16,(-1+1j),(-1+1j),(-0.5345201900083068+0.05632237666187587j),(0.06035665867081226-0.00023231690566646155j),0.04668700162486933,0.07627474098530587
2,3,24,2008-04-19 02:14:27,(-1+1j),(-1+1j),(-0.44283635473246313-0.10495959877020059j),(0.06622478556922413-0.0007051393360864999j),0.044843430573346096,0.0679720560130687
3,4,24,2008-04-19 03:57:24,(-1+1j),(-1+1j),(-0.5237919003975053+0.00812618630374182j),(0.06126717696192984-2.8942556628468444e-05j),0.04619468955099375,0.07453388918437964
4,5,24,2008-04-19 07:32:33,(-1+1j),(-1+1j),(-0.44166468242907403-0.10259557653945582j),(0.07050955033564447-0.0001257801486944384j),0.04510114851143001,0.06852832896000328
5,6,24,2008-04-19 09:15:10,(-1+1j),(-1+1j),(-0.5338763346673802+0.053035950734477484j),(0.06125664337061544-0.0004043456420258215j),0.04599074473076839,0.07342664108773311
6,7,24,2008-04-19 12:47:00,(-1+1j),(-1+1j),(-0.4446971131122189-0.10361285314522009j),(0.06796097463274457-0.00035745183110158887j),0.044172075577171746,0.06804449516996176
7,8,24,2008-04-19 14:28:58,(-1+1j),(-1+1j),(-0.5309039707743043+0.03602806274847476j),(0.059869767442739356-0.0009779422450807138j),0.0452171085992494,0.07464778408413367
8,9,24,2008-04-19 18:12:47,(-1+1j),(-1+1j),(-0.4447264516801405-0.104923288386939j),(0.06791685111499496-0.0006303973970478009j),0.043786628196075913,0.06845021227072765
9,10,24,2008-04-19 19:55:05,(-1+1j),(-1+1j),(-0.532872136514353+0.045660081815027724j),(0.06079880116897875-0.0008648976992412456j),0.04490994541365791,0.07395687603254197
10,11,24,2008-04-19 23:27:13,(-1+1j),(-1+1j),(-0.44313986175099107-0.10607212356385619j),(0.0712617479303755-0.0013986384185311633j),0.04463932198878524,0.0683410113732366
11,12,24,2008-04-20 01:08:11,(-1+1j),(-1+1j),(-0.5313529259538913+0.0388660765798994j),(0.05985384613774341+8.918079057923624e-05j),0.04717044086931744,0.07208112164479205
12,13,24,2008-04-20 04:39:59,(-1+1j),(-1+1j),(-0.4422270753035896-0.10382796353781579j),(0.06884541871301754-0.0005528809547225673j),0.043558785775475374,0.06868237655872211
13,14,24,2008-04-20 06:20:57,(-1+1j),(-1+1j),(-0.5310957750298807+0.036351574107317236j),(0.06065749341073129-0.0005863547576107181j),0.04648969708635643,0.07102909339339247
14,15,24,2008-04-20 10:01:46,(-1+1j),(-1+1j),(-0.4416886468865809-0.10606993924108864j),(0.06945913611876313-0.0004519406083864051j),0.04526547818261783,0.0681437253042456
15,16,24,2008-04-20 11:42:26,(-1+1j),(-1+1j),(-0.5290932227644674+0.030633232193839j),(0.06053558733203189-0.00016210826644996713j),0.0463622366817154,0.07193029860543036
16,17,24,2008-04-20 15:22:22,(-1+1j),(-1+1j),(-0.44235550334503465-0.103682544187284j),(0.06841292635430102-0.0003780860367032441j),0.044483715777434665,0.06782555719716843
17,18,24,2008-04-20 17:03:01,(-1+1j),(-1+1j),(-0.5302162152795793+0.039652726739937534j),(0.05949505912314095-0.00040151456756371587j),0.04482791300205649,0.07288826952758304
18,19,24,2008-04-20 20:35:56,(-1+1j),(-1+1j),(-0.4439675331044126-0.10536530182404635j),(0.06547818047895555-0.0008447355864004386j),0.04441416485910045,0.06885805241213436
19,20,24,2008-04-20 22:16:35,(-1+1j),(-1+1j),(-0.5355163357641006+0.06454037889980797j),(0.05962470928121509-0.00031973178279212156j),0.04466450679894579,0.0727868237536811
20,21,24,2008-04-21 02:00:19,(-1+1j),(-1+1j),(-0.44584306186526834-0.10176886092464692j),(0.06800548166579581+0.00014706436373718997j),0.04453544590029642,0.06779434699116274
21,22,24,2008-04-21 03:26:58,(-1+1j),(-1+1j),(-0.5297646986944688+0.02583656396108523j),(0.05844441022888731-0.00010166915701957859j),0.04502135245555801,0.06940408185539676
22,23,24,2008-04-22 16:33:03,(835.29150390625-24.198949813842773j),(322.01690673828125-93.62091064453125j),(0.16811833204846469-0.12331657689101314j),(0.06784448432501687-0.000728617434868196j),0.04610646564263781,0.07041083307756363
23,24,24,2008-04-22 19:54:32,(834.2681884765625-29.116901397705078j),(324.194580078125-88.78600311279297j),(0.1671147063447002-0.12721796685237852j),(0.0711673544882422-0.0008518741361563867j),0.04646251600050638,0.06993774302336724
24,25,24,2008-04-22 21:24:34,(835.6251831054688-28.958148956298828j),(323.02276611328125-90.91175079345703j),(0.16627789136861124-0.12430945567162205j),(0.06885221240150682-0.0005123061524860675j),0.04766732499763113,0.06870142026856427
25,26,24,2008-04-23 00:46:24,(834.69873046875-32.043678283691406j),(322.220703125-87.69547271728516j),(0.16775943108492816-0.12756203211540043j),(0.07237581815070392-0.001202809327421383j),0.04772385451119983,0.06950417544214327
26,27,24,2008-04-23 02:16:08,(835.5230712890625-25.919485092163086j),(326.3604431152344-91.39183044433594j),(0.16762269872767815-0.12376381345495041j),(0.06944889097972788-0.0013223030113926795j),0.04786769518725868,0.06782851501053842
27,28,24,2008-04-23 05:46:32,(833.8317260742188-33.68449401855469j),(325.188720703125-86.51499938964844j),(0.16483234884153447-0.12782080650487473j),(0.07116849518800789-0.00042043608156830164j),0.04694022963323793,0.069661211991841
28,29,24,2008-04-23 07:16:07,(836.450927734375-27.11558723449707j),(323.4104309082031-91.83587646484375j),(0.16725251651534961-0.12551758563208884j),(0.06947673213869775-0.00144688194677076j),0.045613419083722975,0.0690386303340568
29,30,24,2008-04-23 10:36:13,(834.4398803710938-30.29970359802246j),(324.6572570800781-89.27177429199219j),(0.16652461539161043-0.12655675339279526j),(0.07189495412057192-0.0008109766530903493j),0.04702798243208013,0.07112946749607083
30,31,24,2008-04-23 12:05:30,(832.4096069335938-26.461729049682617j),(326.0694885253906-92.16450500488281j),(0.16626507993208073-0.12447011336367705j),(0.07045069060287393-0.0006542241207983965j),0.04672887233883059,0.06971129972921941
31,32,24,2008-04-23 15:34:37,(835.4508056640625-28.97525405883789j),(323.1172790527344-87.99165344238281j),(0.16743729035897897-0.12714180912993525j),(0.07211704596344876-0.000985587681689398j),0.047755380262671634,0.07167079612312527
32,33,24,2008-04-23 17:03:55,(834.3357543945312-28.5499324798584j),(323.48065185546875-90.4170913696289j),(0.16678584507704455-0.12404390642305065j),(0.06935507363296363-0.0011253510856774943j),0.04691622519628201,0.06913343554751465
33,34,24,2008-04-23 20:31:10,(836.4791259765625-29.568885803222656j),(322.98748779296875-89.17230987548828j),(0.16848465159964437-0.12732456398571207j),(0.0713659642729286-0.0011491575752702893j),0.047022939446838434,0.06976696183555635
34,35,24,2008-04-23 22:00:19,(834.9591064453125-26.942626953125j),(324.2436828613281-91.71292114257812j),(0.1672603156216062-0.12389589944240526j),(0.06914215422333483-0.0011133113705448913j),0.046604793185003,0.06852215228822905
35,36,24,2008-04-24 01:19:46,(835.3468017578125-29.64097023010254j),(323.50244140625-89.77604675292969j),(0.16553844036136983-0.125692970412424j),(0.07046325849341473-0.0010980756288576855j),0.046245370477528074,0.0719248993978976
36,37,24,2008-04-24 02:48:35,(834.1268310546875-29.17676544189453j),(324.3408508300781-91.72845458984375j),(0.16714365300234812-0.12408921045201146j),(0.06898977560293752-0.0005662720261797827j),0.04683293993011124,0.06946896899621643
37,38,24,2008-04-24 06:18:12,(836.746826171875-29.543054580688477j),(321.1748962402344-88.90098571777344j),(0.1682904330721338-0.12692821700465437j),(0.07345631488845779-0.00029772389188931057j),0.04618610336751238,0.07193787056034481
38,39,24,2008-04-24 07:46:53,(833.3798828125-30.086688995361328j),(327.197998046875-89.0035171508789j),(0.16490383017739912-0.125817224682048j),(0.06944664968998823-0.00035942664180601863j),0.04624136663986422,0.06934916902797013
39,40,24,2008-04-24 11:17:36,(837.6774291992188-32.132911682128906j),(320.9665222167969-87.40790557861328j),(0.16756978879559375-0.12693475283232625j),(0.0712755064228637-0.001030252882976604j),0.04773737014313117,0.0703395836124857
40,41,24,2008-04-24 12:46:08,(833.497802734375-29.1209716796875j),(323.8804931640625-90.58688354492188j),(0.16644348195277137-0.12512153592498948j),(0.06985111825479498-0.0006924917655042246j),0.049427483436388156,0.0695498357572787
41,42,24,2008-04-24 16:14:07,(838.9752197265625-31.19821548461914j),(317.94744873046875-86.35015106201172j),(0.1690600728545478-0.12838281573554977j),(0.07444601839494613-8.659706529838084e-05j),0.04838334154876506,0.06973812701544792
42,43,24,2008-04-24 17:42:40,(834.98388671875-26.842374801635742j),(322.8561706542969-92.57249450683594j),(0.16786908919552262-0.12425103360106483j),(0.06782690172606945-0.0008533866757451804j),0.04747841688797767,0.06488297170955903
43,44,24,2008-04-24 21:06:22,(837.5206298828125-30.53813362121582j),(322.2442321777344-87.34298706054688j),(0.16779122202288257-0.12709984657680784j),(0.0729877740400212-0.0006591816224204085j),0.048037510039299486,0.07012511424776673
44,45,24,2008-04-24 22:34:45,(835.0741577148438-29.151206970214844j),(324.15032958984375-89.3599624633789j),(0.16632090773629918-0.12548776742004342j),(0.0691952657217458-0.0010138164585718626j),0.047703621105183044,0.06859813037774799
45,46,24,2008-04-25 01:57:07,(833.8803100585938-32.15837860107422j),(324.9681091308594-86.63027954101562j),(0.1671261244930798-0.12851611390303536j),(0.07233679410988932-0.0003931546691838171j),0.048086960073381944,0.0697134641311117
46,47,24,2008-04-25 21:00:31,(832.5166625976562-27.921302795410156j),(327.6557922363281-91.87168884277344j),(0.16527484799180853-0.12504646587876292j),(0.06805069659487475-0.0011820057224896155j),0.04815104655957722,0.06772207819825936
47,48,24,2008-04-26 00:32:46,(838.7791748046875-29.493988037109375j),(320.29376220703125-89.09945678710938j),(0.1678736349598575-0.12489713552575032j),(0.0724640428419959-0.0009795513841494353j),0.04754728174038817,0.07318009891168203
48,49,24,2008-04-26 02:00:52,(833.8359375-29.520069122314453j),(324.02972412109375-88.19754028320312j),(0.16601180690695846-0.1262646763471334j),(0.06829843738744043-0.00012289218241310365j),0.04759013382319219,0.06914272874669278
49,50,24,2008-04-26 05:25:46,(838.331787109375-31.146467208862305j),(321.2695007324219-88.09832763671875j),(0.16752775370177778-0.1266890951717402j),(0.07425256215527451-0.00047596657328892146j),0.04764092098948851,0.07165247326552959
50,51,24,2008-04-26 06:53:34,(832.8404541015625-27.094022750854492j),(325.63018798828125-93.55528259277344j),(0.16423129013495197-0.12354044266399018j),(0.07035387832544444-0.0006956823364628939j),0.04764024061757782,0.06898277923910441
51,52,24,2008-04-26 10:26:36,(839.075439453125-29.79815673828125j),(318.8570861816406-88.3398208618164j),(0.1679091671091576-0.1270072592017769j),(0.07441160610797556-0.0009212012233234333j),0.04842436953177311,0.07249983749010006
52,53,24,2008-04-29 13:12:54,(831.483154296875-25.21595573425293j),(327.5647277832031-92.1951675415039j),(0.16533542302583965-0.12300216271085021j),(0.06763133970930087-0.0006307038134498981j),0.04893386185534073,0.06795990180113623
53,54,24,2008-04-29 16:33:38,(836.3080444335938-30.980791091918945j),(320.212890625-88.61149597167969j),(0.16760131840825065-0.12759005689112382j),(0.07167170495668719-0.0003113459647910625j),0.04943074564871873,0.0701407541984291
54,55,24,2008-04-29 18:02:21,(834.1804809570312-27.719018936157227j),(323.8684997558594-90.44026184082031j),(0.16726587404179852-0.12455756651174825j),(0.06956872432030978-0.000757543464040068j),0.049323007176718225,0.06895642914528509
55,56,24,2008-04-29 21:28:15,(837.049560546875-31.93625831604004j),(320.7254943847656-87.62675476074219j),(0.1681070248868755-0.12753945424456592j),(0.07250451993694934-0.00047728115600941396j),0.04974822543014387,0.07112993844977841
56,57,24,2008-04-29 22:56:30,(834.5616455078125-26.731473922729492j),(323.2044982910156-93.93547821044922j),(0.16796815804779977-0.12401133727629747j),(0.0710512725048247-0.0004717944846986945j),0.04912202877042455,0.06890956847456893
57,58,24,2008-04-30 02:12:05,(838.2390747070312-33.0420036315918j),(318.7679748535156-87.36042022705078j),(0.1684406846355563-0.12700692575682343j),(0.07499519230501195-0.0012831964386386108j),0.04988486594475391,0.07198302765125617
58,59,24,2008-04-30 03:40:03,(832.7698974609375-29.8326416015625j),(323.9382019042969-87.4215316772461j),(0.16574302663556018-0.1264024619028796j),(0.06900253283016225-0.00029331487505258267j),0.047859449246718755,0.06977255608528674
59,60,24,2008-04-30 07:09:52,(834.8170166015625-30.76861572265625j),(323.27386474609375-86.47476959228516j),(0.16564307956625707-0.12859860925960373j),(0.07134331752883286-0.000301775063594379j),0.04921638093217895,0.07146374397937286
60,61,24,2008-04-30 08:37:42,(833.1884765625-29.959806442260742j),(325.9701843261719-89.90988159179688j),(0.16434069533147347-0.1252456520661587j),(0.06796593124658293-0.0001529607192611436j),0.04887229013423192,0.06876809153866811
61,62,24,2008-04-30 11:56:59,(838.4901123046875-32.891578674316406j),(318.6922302246094-87.76001739501953j),(0.16842350408413587-0.12707612342095664j),(0.07207253700449659-0.001394334679625049j),0.04994593893656341,0.07088704261645878
62,63,24,2008-04-30 13:24:39,(833.8617553710938-25.726802825927734j),(323.7984924316406-90.97602081298828j),(0.1657712026562273-0.12433569713523689j),(0.06750607420334195+0.00011819134227647888j),0.048296439195350184,0.0673151471016695
63,64,24,2008-04-30 16:48:25,(837.35498046875-31.373062133789062j),(321.0333557128906-87.2225341796875j),(0.16815563349809043-0.12703592280814455j),(0.07042683189031593-0.0006974141821742425j),0.048969605147940264,0.07178168505217358
64,65,24,2008-04-30 18:16:07,(833.5033569335938-28.75526237487793j),(324.0627136230469-91.29403686523438j),(0.16661810164687288-0.12395499016934167j),(0.06912966795774754-0.0013422743060616704j),0.04814709226602492,0.0684158918231915
65,66,24,2008-04-30 21:43:03,(837.38427734375-33.77133560180664j),(322.4176940917969-85.6644058227539j),(0.16629661380000418-0.12765840623926386j),(0.0738596023350596-0.0006909910028165177j),0.05022937602514056,0.0718319241428618
66,67,24,2008-04-30 23:10:36,(832.7326049804688-27.93671417236328j),(325.8947448730469-89.79680633544922j),(0.16763497450016038-0.12490090024333396j),(0.06995047664085784-0.000742858937555527j),0.04845430020206581,0.06777935051052719
67,68,24,2008-05-01 02:43:42,(838.4771118164062-29.958309173583984j),(319.9827880859375-89.3376235961914j),(0.16898036197276733-0.1276418934646318j),(0.07484453512582681-0.00042177651193639427j),0.04971526662508074,0.07139027154395669
68,69,24,2008-05-01 04:11:07,(833.1328735351562-28.996644973754883j),(323.79156494140625-88.48895263671875j),(0.16691201352929919-0.12541986915311815j),(0.069632300617652-0.0014826749401169754j),0.04868025293328389,0.06583444846364324
69,70,24,2008-05-01 07:44:12,(837.0078735351562-30.987213134765625j),(321.5525817871094-87.48153686523438j),(0.1682818139204378-0.12762387391953198j),(0.07308681919534803-0.0009198402779032356j),0.04913216601843565,0.0724518691988788
70,71,24,2008-05-01 09:11:27,(833.966064453125-28.880653381347656j),(323.775146484375-90.43434143066406j),(0.16741888174324154-0.12423061443639505j),(0.06918111775815151-0.0013915387475615121j),0.049918728983506716,0.06876463309502395
71,72,24,2008-05-01 12:42:34,(835.6202392578125-32.46309280395508j),(322.33685302734375-88.34765625j),(0.16675095103326973-0.12760447784812248j),(0.07404313027391637-0.0010805497935041737j),0.04920968322529824,0.07304025099509703
72,73,24,2008-05-01 14:09:50,(833.0021362304688-26.68659019470215j),(325.7066345214844-91.91259765625j),(0.16555904810301225-0.12395786448887221j),(0.06900211939588294-0.00012144717373625718j),0.04943664953959982,0.06892300885560772
73,74,24,2008-05-01 17:39:20,(835.8295288085938-31.495676040649414j),(319.8031005859375-88.0020980834961j),(0.16836796346420418-0.12660279774177255j),(0.07337320172461959-0.0011338927925765368j),0.04950631616559385,0.07251082944035009
74,75,24,2008-05-01 19:06:26,(832.552001953125-28.79357147216797j),(324.3253479003906-88.90821838378906j),(0.1656318663015393-0.12489425433612292j),(0.06874367333068189-0.00042156134644320093j),0.04940333988784369,0.06864846238725138
75,76,24,2008-05-01 22:38:24,(838.499267578125-30.447128295898438j),(319.899169921875-87.22913360595703j),(0.1691897899695743-0.1282174073623969j),(0.07526587841637772-0.0008327158003330774j),0.04865176277959679,0.07201762091170956
76,77,24,2008-05-02 00:05:31,(832.6282958984375-28.3333740234375j),(326.5726318359375-89.90101623535156j),(0.1645996885517083-0.1253595237871447j),(0.06997611503347043-0.000988734188148448j),0.04915501980244644,0.06913086863703587
77,78,24,2008-05-02 03:21:43,(836.0426635742188-31.36250114440918j),(323.5537414550781-86.9935073852539j),(0.16694661448317138-0.12831829647670048j),(0.07429834989581535-0.0006123969845585619j),0.04916575568371288,0.07316993618002728
78,79,24,2008-05-02 04:48:33,(833.0563354492188-27.878742218017578j),(325.8426208496094-92.70777130126953j),(0.1666675411979506-0.12524528134545976j),(0.06903211720623062-0.0008627396336972512j),0.04870161283727027,0.06859455507457586
79,80,24,2008-05-02 08:12:49,(839.5738525390625-30.523813247680664j),(319.1317138671875-88.41281127929688j),(0.16789384717663264-0.12767135803912058j),(0.07357017925514146-0.0006324889005028586j),0.04923427342088277,0.07277120733743579
80,81,24,2008-05-02 09:39:40,(835.4757690429688-27.709970474243164j),(321.1144714355469-89.09294128417969j),(0.16785304157309736-0.12559847153379008j),(0.06799917722439107-0.00023975839527352403j),0.04885677345766941,0.06871570767989431
81,82,24,2008-05-02 13:11:13,(839.9775390625-33.28514099121094j),(319.8946533203125-85.74092102050781j),(0.16756075544878138-0.12785135498708328j),(0.0738919255893733-0.0022715608421711407j),0.0505475864921389,0.07270866794574943
82,83,24,2008-05-02 14:37:55,(832.155517578125-28.05562973022461j),(323.81500244140625-90.42932891845703j),(0.1665165816225599-0.125607380000332j),(0.06853728894731782-0.0014143309599578347j),0.0506497585783765,0.06853536104799454
83,84,24,2008-05-02 18:11:03,(839.5758666992188-31.64359474182129j),(317.88189697265625-86.46749877929688j),(0.16809696165720994-0.1273388432452144j),(0.0731434966384768-0.0003471553574999073j),0.050118814742107526,0.07301041089661342
84,85,24,2008-05-03 00:18:59,(833.3599243164062-27.249584197998047j),(325.3897705078125-89.66279602050781j),(0.16548890465882934-0.12504719627792266j),(0.06851270484609889-0.0008687609267526703j),0.04913242687695094,0.0693303248319639
85,86,24,2008-05-03 03:41:16,(839.351318359375-31.10421371459961j),(319.3681945800781-86.90919494628906j),(0.1683137430820194-0.12717843898473155j),(0.0742192730109816-0.0009123125686567222j),0.049792567319026114,0.07343650361620202
86,87,24,2008-05-03 05:07:41,(831.9986572265625-28.777690887451172j),(327.14886474609375-89.14967346191406j),(0.16537293393885422-0.1257061065425141j),(0.06887464843742787-0.0015984002743707369j),0.049633135916243465,0.06881429671018138
87,88,24,2008-05-03 08:38:27,(837.4247436523438-28.490516662597656j),(319.6717529296875-89.94429016113281j),(0.16742792772440548-0.12670045560586957j),(0.07383032006917888-0.0009717860810957594j),0.049865378066600005,0.0732133898164959
88,89,24,2008-05-03 10:04:43,(832.6854858398438-26.973548889160156j),(322.9700622558594-92.02344512939453j),(0.1674764294016877-0.12472906312721947j),(0.07042967569726441-0.00019575403365867586j),0.048921290356402275,0.06883931362761586
89,90,24,2008-05-03 13:32:41,(840.632080078125-30.21588897705078j),(317.14459228515625-89.40238189697266j),(0.16869213612446018-0.12713410020773513j),(0.07643066824180011-0.001539311043488281j),0.049811932785538866,0.07459618605206403
90,91,24,2008-05-03 14:58:49,(832.9456787109375-31.31678009033203j),(325.9101867675781-88.51817321777344j),(0.16612342842004468-0.12574347106579087j),(0.0703643958114119-0.0009496900773540984j),0.04975125749803476,0.06863892419996058
91,92,24,2008-05-03 18:26:20,(841.286865234375-31.152156829833984j),(318.2082824707031-88.02322387695312j),(0.168087557953572-0.12721379263297164j),(0.07532382686802407-0.0010452806248444316j),0.04850673488997184,0.07458309776342148
92,93,24,2008-05-03 19:52:28,(834.1544799804688-27.99008560180664j),(324.6582336425781-89.89958953857422j),(0.16743845259481477-0.12598123011842263j),(0.06969219543918001-0.00029061611782021306j),0.04915918196298162,0.06906734479973246
93,94,24,2008-05-03 23:10:37,(841.6212158203125-30.660409927368164j),(317.5283203125-86.0384521484375j),(0.16813651190261902-0.12676923053390643j),(0.07353630453866333-0.0005313258383271905j),0.050023074203339506,0.0736638387977965
94,95,24,2008-05-04 00:36:36,(832.6635131835938-27.988496780395508j),(323.73834228515625-91.98648071289062j),(0.16737591822610043-0.12561740409150712j),(0.06841783660206872-0.0005150058942793395j),0.04970808709656559,0.06830006146095657
95,96,24,2008-05-04 04:09:47,(840.0625610351562-34.5688591003418j),(317.16351318359375-83.11906433105469j),(0.16882120809746204-0.12973217222492667j),(0.0746556414896238+0.000107133916506457j),0.05020469043786587,0.07371885821597624
96,97,24,2008-05-04 05:35:36,(837.22265625-28.184457778930664j),(323.8128662109375-92.1270523071289j),(0.16817172130991384-0.1257900681946289j),(0.07053239214490672-0.00011742474447775216j),0.048950660803835325,0.06963267386152323
97,98,24,2008-05-04 09:08:18,(841.9799194335938-32.500064849853516j),(317.8192443847656-86.78833770751953j),(0.1678998161912305-0.12722700947568963j),(0.07567048109108016-0.0005229263926813806j),0.04975857340773159,0.07465617760875586
98,99,24,2008-05-04 10:34:08,(836.1268920898438-29.367183685302734j),(322.4239196777344-89.1552963256836j),(0.1666248746227563-0.1253132786843515j),(0.06927261860952866+0.00011524786757659783j),0.049808396255372756,0.06902298762939403
99,100,24,2008-05-04 14:06:20,(839.240478515625-31.10654640197754j),(320.38134765625-87.56291198730469j),(0.16795295547715805-0.1260578752967006j),(0.07134715916504293-0.00011051964077348309j),0.04968675503783295,0.07355425821939737
100,101,24,2008-05-04 15:32:01,(835.9254150390625-31.055238723754883j),(321.81890869140625-88.18736267089844j),(0.16576016550094555-0.1265719004966023j),(0.06899063757209671-0.001279761489103582j),0.05059411389974348,0.06858328460478416
101,102,24,2008-05-04 19:05:14,(841.2070922851562-29.846162796020508j),(315.0116882324219-89.43453979492188j),(0.17025082665318333-0.12603335752924708j),(0.07508560653822574-0.00020588392741238608j),0.04995005707049774,0.0746229428074614
102,103,24,2008-05-04 20:30:47,(834.3804321289062-28.604480743408203j),(323.50006103515625-91.17932891845703j),(0.16785465803887709-0.12475250625447336j),(0.07048139714978928-0.0018331575721016338j),0.04984421041201089,0.07014070107890119
103,104,24,2008-05-05 00:04:00,(841.2118530273438-31.71622085571289j),(318.7649230957031-88.78741455078125j),(0.16777921920646333-0.12673308549130521j),(0.07459955121554702-0.0006850554755749844j),0.050282564251258356,0.07360391142336822
104,105,24,2008-05-05 01:29:24,(834.9791870117188-28.108739852905273j),(322.9257507324219-90.01667022705078j),(0.16720372948161583-0.12545870612302046j),(0.06892824417840061+0.0005034706698643414j),0.05006270229203594,0.06979118038789997
105,106,24,2008-05-05 04:56:20,(838.7818603515625-33.03615951538086j),(318.8387756347656-86.07097625732422j),(0.16824479087535205-0.1276898159955654j),(0.07556893235589938-0.0005725011917644149j),0.04992007781904663,0.074642062777058
106,107,24,2008-05-05 06:21:44,(835.0829467773438-25.516416549682617j),(323.2341003417969-94.618896484375j),(0.16970830942990936-0.12476769868344896j),(0.07121491308221316-0.0012473092297701693j),0.04921445916482306,0.06990836301107425
107,108,24,2008-05-05 09:54:58,(841.1828002929688-31.43956756591797j),(318.13592529296875-86.611572265625j),(0.16808721925887105-0.12732869764494323j),(0.07461618209357643-0.0014355749503959258j),0.05007996435013632,0.07547710929281527
108,109,24,2008-05-05 21:33:38,(838.7259521484375-28.375476837158203j),(319.7340393066406-89.93379211425781j),(0.17049408018126136-0.12741683744936438j),(0.07443167022672803-0.00038489121143076374j),0.054692185026359336,0.07464599360022733
109,110,24,2008-05-06 01:06:52,(843.269287109375-35.395477294921875j),(315.3214111328125-85.1894760131836j),(0.16846545954708025-0.1290563191165114j),(0.0812440296031164-0.0005991892477376006j),0.05487320211540928,0.07934403644117197
110,111,24,2008-05-06 02:31:59,(840.0147094726562-30.253273010253906j),(320.76715087890625-88.0174331665039j),(0.16908046105433708-0.12729490280743685j),(0.07781948239626792-0.001265141697825276j),0.05415675281078651,0.07505843667743599
111,112,24,2008-05-06 06:05:11,(845.4439086914062-35.959022521972656j),(312.50689697265625-83.83129119873047j),(0.167082251414946-0.1288249468404577j),(0.08177308108154638-0.0011742405111987754j),0.055240499862766274,0.08002359358228964
112,113,24,2008-05-06 07:30:10,(841.5899658203125-30.8165340423584j),(316.7313232421875-87.63304138183594j),(0.16744196291907953-0.12787348110377658j),(0.07590065085922167-0.0006775624599517661j),0.054542809780562286,0.07592379199991395
113,114,24,2008-05-06 10:53:26,(845.788330078125-32.483428955078125j),(311.5064697265625-85.93653106689453j),(0.16783541945549393-0.1275209192262405j),(0.08240860839457836-0.0012535482982408254j),0.055080368328742545,0.08045008161921993
114,115,24,2008-05-06 12:18:26,(839.5929565429688-30.21392059326172j),(320.5508117675781-86.77474975585938j),(0.1689263803564048-0.12714021067746684j),(0.07594184614550892-0.0003850931845736633j),0.053398671864258646,0.07562889610038578
115,116,24,2008-05-06 15:51:41,(845.4336547851562-34.9537353515625j),(312.3298034667969-84.62883758544922j),(0.16728861404954537-0.12855513765361656j),(0.08221305530227378-0.0006628834699777982j),0.05484578494342528,0.08099527914390654
116,117,24,2008-05-06 17:16:40,(839.9295043945312-31.062223434448242j),(317.900146484375-87.10771942138672j),(0.16840021984716588-0.1273256068289449j),(0.07598696662897939-0.0006446796907852865j),0.055453259476974714,0.0748392292244765
117,118,24,2008-05-06 20:49:54,(849.060791015625-34.55797576904297j),(308.0987548828125-83.33899688720703j),(0.16527969561560757-0.12745594741014254j),(0.08026206614083109-0.001139336793828958j),0.05808949268604193,0.07900611376190819
118,119,24,2008-05-06 22:14:45,(843.0137939453125-31.91416358947754j),(315.4768981933594-86.84606170654297j),(0.16912818993823336-0.1272310099129294j),(0.07523510998600628+7.507455255952825e-05j),0.05703849864055661,0.07445419405660497
119,120,24,2008-05-07 01:45:30,(848.9560546875-34.54882049560547j),(308.5414733886719-83.08154296875j),(0.16450740793379884-0.12790233806464535j),(0.08054584555265665-0.0015468596394506995j),0.05639999430512618,0.08181491967012575
120,121,24,2008-05-07 03:10:20,(844.8583374023438-31.637075424194336j),(314.0787353515625-86.3155517578125j),(0.1681630559684374-0.12731354025656555j),(0.07463345947254531-0.0009864022066541098j),0.056951772502699796,0.07706935596260868
121,122,24,2008-05-07 06:32:06,(844.9801635742188-34.349884033203125j),(312.503662109375-87.24475860595703j),(0.16745061067318226-0.127498267372205j),(0.08263380761719555-0.00038079127569065515j),0.057159147914507935,0.08086696623694065
122,123,24,2008-05-07 07:56:39,(842.3331298828125-29.766462326049805j),(317.1130676269531-88.53780364990234j),(0.16991663866511575-0.1273373554046555j),(0.07621727707879478-0.0008513788831592031j),0.05595864562729926,0.07609569637070202
123,124,24,2008-05-07 11:29:54,(848.4647216796875-35.877140045166016j),(309.8239440917969-84.76265716552734j),(0.16646469757189544-0.1268626804723263j),(0.08363483560828089-0.0012274028094865384j),0.056998793862942924,0.08250100764416027
124,125,24,2008-05-07 12:54:18,(841.8433837890625-34.51587677001953j),(316.751708984375-83.76680755615234j),(0.1678213249715673-0.12821521854067053j),(0.08000657001641949-0.0016163240849379444j),0.05699010907560385,0.07648289029638874
125,126,24,2008-05-07 16:27:34,(846.8837890625-32.708251953125j),(311.0372314453125-85.15487670898438j),(0.1674929069944583-0.12826382769979833j),(0.08431295193934064-0.0012083283000739735j),0.05791594677751306,0.08175057083151278
126,127,24,2008-05-07 17:51:59,(840.4884033203125-34.06005859375j),(316.92254638671875-86.89552307128906j),(0.16885469263487146-0.12742554156265315j),(0.0766141618742049-0.0006192531880498005j),0.057000769180639774,0.07741124519885696
127,128,24,2008-05-07 21:24:14,(848.5089721679688-35.47888946533203j),(309.50921630859375-84.1300277709961j),(0.16589985487223133-0.12798435833100316j),(0.08454846829821065-0.0014770294722256099j),0.0585831887959693,0.08269416457353587
128,129,24,2008-05-07 22:48:38,(844.0502319335938-31.474166870117188j),(313.2646484375-86.12613677978516j),(0.16895195567164634-0.12684699113117429j),(0.07726627383496486-0.0014297954618564999j),0.05728256542976495,0.07692027721215688
129,130,24,2008-05-08 02:21:54,(846.6578369140625-33.85760498046875j),(312.7174377441406-83.79682922363281j),(0.16921303852464026-0.12946406707914077j),(0.08408430635232386-0.001428600659781003j),0.05684411239635824,0.082272625759776
130,131,24,2008-05-08 03:46:09,(841.2153930664062-32.407928466796875j),(314.7509765625-86.73979187011719j),(0.16984077905294337-0.12736371372778035j),(0.0793788872467309-0.0011229575328510558j),0.0589529203196688,0.07735170203997428
131,132,24,2008-05-09 11:53:10,(849.1498413085938-35.786659240722656j),(308.0576171875-82.3573226928711j),(0.16428285254844507-0.1287495562520084j),(0.08366679390010158-0.00021436195443459415j),0.05667203462955093,0.08291573296417665
132,133,24,2008-05-09 13:19:35,(841.4181518554688-32.58134078979492j),(316.3941955566406-86.9417495727539j),(0.17001585283185328-0.1272449377774072j),(0.07645695261801706+0.0001646802402256582j),0.058223361510524915,0.07615092115486195
133,134,24,2008-05-09 21:21:03,(842.898193359375-31.10845947265625j),(314.72247314453125-86.9122085571289j),(0.16934393854998359-0.1270949328009395j),(0.07806655308173682-0.0009585668927570277j),0.057798377106990255,0.07518971733166918
134,135,24,2008-05-10 00:49:59,(846.2841186523438-34.072471618652344j),(311.5224914550781-86.70329284667969j),(0.16795155936644016-0.12721137258330523j),(0.08408267383494825-0.0010857325302010329j),0.05869361561103209,0.08099673983388944
135,136,24,2008-05-10 02:14:42,(842.7844848632812-32.660037994384766j),(316.55987548828125-86.3087158203125j),(0.17086727084293507-0.12745675267361817j),(0.08026055470028791-0.0015594594975528878j),0.0581005359089264,0.07604639902387582
136,137,24,2008-05-10 05:46:15,(848.2044067382812-35.970279693603516j),(311.5611877441406-83.02688598632812j),(0.16655476097358665-0.1292461372136857j),(0.08383012731749512-0.0010166023603816207j),0.05687355099054793,0.08079234772463807
137,138,24,2008-05-10 07:10:49,(841.99853515625-33.274452209472656j),(317.6389465332031-86.14546203613281j),(0.16972288477048045-0.1278809296943392j),(0.07764460910134646-0.0005361657684425244j),0.057819391216989646,0.07620792252066097
138,139,24,2008-05-10 10:44:07,(848.2886962890625-35.554622650146484j),(309.63983154296875-84.05318450927734j),(0.1656958834597143-0.12846440563986858j),(0.08226533761230344-0.0005895697164873716j),0.058401226760293384,0.0816166339541188
139,140,24,2008-05-10 12:08:32,(843.01123046875-31.403560638427734j),(314.8935546875-87.54438018798828j),(0.16841999365090665-0.12727674138010509j),(0.07654891475745568-0.001074038398853162j),0.05729597585562558,0.07603115808018222
140,141,24,2008-05-10 15:39:59,(846.559814453125-33.055782318115234j),(312.39898681640625-86.59944152832031j),(0.16789539213610025-0.1265544282498706j),(0.08346643757456233-0.0012537951899931133j),0.05713926164978321,0.08203042743610463
141,142,24,2008-05-10 17:04:16,(843.209716796875-27.565587997436523j),(314.5330810546875-93.27104949951172j),(0.16969298331416202-0.1242114021786634j),(0.07885862754397595-0.0009440611643280301j),0.057011915661303356,0.07793753101024108
142,143,24,2008-05-10 20:35:57,(847.1673583984375-35.588172912597656j),(310.87908935546875-82.49835968017578j),(0.16539815131942198-0.12861931141381264j),(0.08410294693310705-0.0011518979392089834j),0.056846750542401,0.08430934905296765
143,144,24,2008-05-10 22:00:05,(840.8297729492188-32.9837646484375j),(316.6275329589844-87.06856536865234j),(0.1692997797609022-0.12764982703370747j),(0.07694400036121338-0.00048155251668727337j),0.05739160457574554,0.07732083011265528
144,145,24,2008-05-11 01:33:24,(846.1715698242188-35.72736358642578j),(312.5124816894531-82.74906921386719j),(0.1668427144060437-0.12863994166949233j),(0.08437158647145146-0.0016472579309184062j),0.05971458306876328,0.08128077873787101
145,146,24,2008-05-11 02:57:32,(844.6028442382812-31.161026000976562j),(314.2301025390625-89.32132720947266j),(0.16909713914283975-0.12571597405253904j),(0.07799574230542847-0.0003377872135776237j),0.05669401159445664,0.07756322518442982
146,147,24,2008-05-11 06:23:30,(849.6525268554688-33.39967727661133j),(308.0600280761719-85.3680191040039j),(0.16575303062970195-0.12826232594962486j),(0.08323246879278556-0.0011282872047789513j),0.057876489486257204,0.0827621596207595
147,148,24,2008-05-11 07:47:30,(843.9228515625-32.95321273803711j),(312.9065246582031-85.16503143310547j),(0.16723743628967846-0.12843857241373663j),(0.07839464341259536-0.0011759849703230254j),0.05711363659055292,0.07889973426640497
148,149,24,2008-05-11 11:20:49,(845.9279174804688-33.133209228515625j),(310.458251953125-87.16630554199219j),(0.1677847620334108-0.12723143230349504j),(0.08505781336644623-0.0005753938243204743j),0.057106052592570886,0.08389339159553517
149,150,24,2008-05-11 12:44:40,(843.4739990234375-34.23432159423828j),(315.97528076171875-83.53736877441406j),(0.16805578268416957-0.12921322209342787j),(0.08022423187042602-0.0006295879623724505j),0.058410674041032944,0.07787942798165798
150,151,24,2008-05-11 16:18:00,(847.467041015625-34.47633743286133j),(310.34588623046875-84.12014770507812j),(0.1669867394829482-0.12781311894084624j),(0.08174226671693913+0.00015236570750913554j),0.05832440115222774,0.0823356083860003
151,152,24,2008-05-11 17:41:53,(842.573486328125-32.81697082519531j),(314.0798034667969-87.6921157836914j),(0.16905345973317834-0.12797651013085537j),(0.07630455347718167-0.0011841355162608349j),0.057206589538471034,0.07814181670188959
152,153,24,2008-05-11 21:15:14,(849.4701538085938-35.9105339050293j),(307.6883544921875-84.2282485961914j),(0.1648321615567625-0.12813892926063547j),(0.08210753445179352-0.0014813898816582992j),0.05853988727737317,0.08259957408588693
153,154,24,2008-05-11 22:38:57,(842.3040161132812-32.472801208496094j),(314.3919372558594-86.86210632324219j),(0.1696487649400055-0.12705803288293474j),(0.07959117096050024-7.290233938395102e-05j),0.0568695950036647,0.07851971117292988
154,155,24,2008-05-12 02:05:00,(850.6651000976562-35.257843017578125j),(309.9331359863281-83.77430725097656j),(0.16485385045530723-0.12829335589172186j),(0.08409851349810805-0.0010237434947631674j),0.057610002271573896,0.08361769407052744
155,156,24,2008-05-12 03:28:34,(845.2654418945312-33.341033935546875j),(314.320556640625-85.79928588867188j),(0.16805866404678674-0.12719533584806078j),(0.07735377222975978-0.0009783407004988847j),0.05758927754908643,0.07858483851402417
156,157,24,2008-05-12 12:24:36,(849.8128662109375-36.78761672973633j),(308.5102844238281-82.46717834472656j),(0.16421940350045888-0.12840512278420335j),(0.08219012314254158-0.0009581796210677978j),0.05687744083786221,0.08453629957179691
157,158,24,2008-05-12 13:48:19,(843.201171875-34.167110443115234j),(315.24566650390625-85.58270263671875j),(0.1679378514690769-0.12789627842978193j),(0.08087031176953524-0.0014339295867670729j),0.05841225795718409,0.07816622903600336
158,159,24,2008-05-12 19:51:52,(841.3406372070312-31.504695892333984j),(315.767822265625-86.62434387207031j),(0.17029138502594773-0.12684137729943687j),(0.0796694697567915-0.002109691474822439j),0.058982855797460765,0.07840869791471827
159,160,24,2008-05-12 23:21:19,(848.3526611328125-33.949798583984375j),(308.8663024902344-85.67532348632812j),(0.16543924574381114-0.12772414790450853j),(0.08407270042234287-0.0011696502480443866j),0.06019789084807145,0.08377346645248043
160,161,24,2008-05-13 00:44:53,(844.3880615234375-32.220123291015625j),(314.9339294433594-85.90595245361328j),(0.16902899969226634-0.12702748166961278j),(0.07954737465546531-0.0003433057666411345j),0.05843281496253658,0.07878612106344238
161,162,24,2008-05-13 04:03:26,(850.4539184570312-36.64610290527344j),(308.9110412597656-82.80306243896484j),(0.16615393108989943-0.129081375140109j),(0.08620698380838697-0.0001631085884878015j),0.05988352416265757,0.08361156763608181
162,163,24,2008-05-13 05:26:51,(847.4720458984375-35.68035888671875j),(309.60302734375-84.85044860839844j),(0.16720769018339043-0.12603727784526775j),(0.0819507637932269-0.001478883594716868j),0.06081675929565647,0.08038388778322308
163,164,24,2008-05-13 08:52:05,(850.6091918945312-34.48247528076172j),(307.22607421875-83.75908660888672j),(0.16518117433707738-0.12813459899545093j),(0.08451688951643184-0.0008082835248668807j),0.058875120497055886,0.08370562422038381
164,165,24,2008-05-13 10:15:02,(843.3909301757812-32.71959686279297j),(315.02874755859375-86.30059051513672j),(0.1705476634913303-0.12732792417788413j),(0.07895697541537217-0.001417828606789184j),0.058641305762534054,0.07856327599613487
165,166,24,2008-05-13 13:48:25,(849.21923828125-36.34019470214844j),(310.39068603515625-81.00971984863281j),(0.16492645657646587-0.1286039836545372j),(0.08488639487539845-0.0009228943960780077j),0.05844518592952695,0.0843513765148262
166,167,24,2008-05-13 15:11:42,(846.7599487304688-33.67638397216797j),(312.42437744140625-85.0756607055664j),(0.16775390248372893-0.12768444143282043j),(0.08137172319877785-0.0013786809241886958j),0.05925711282693887,0.08002743252583437
167,168,24,2008-05-13 18:32:21,(847.5823364257812-36.0223274230957j),(310.7749938964844-83.65420532226562j),(0.16706755647663812-0.12881984664546534j),(0.08616869245325853-0.002011488482990621j),0.06055121054997781,0.08328051476741821
168,169,24,2008-05-13 19:55:29,(843.9890747070312-32.85478210449219j),(316.3549499511719-85.62019348144531j),(0.16940907126209048-0.12875366937408056j),(0.08042581748365148+0.0002839147986917857j),0.05877801771423867,0.07918337546950212
169,170,24,2008-05-13 23:27:26,(850.4564208984375-37.185455322265625j),(308.4341125488281-82.41160583496094j),(0.16573195494818946-0.12860285669115795j),(0.08510456698866203-0.0013799207075570943j),0.05995025589217596,0.0831904359131708
170,171,24,2008-05-14 00:50:35,(844.5004272460938-29.882583618164062j),(314.4881591796875-87.67327117919922j),(0.1692838815227105-0.12608608152194867j),(0.07945273470056033-0.000775862093822892j),0.05835227769750316,0.07964710418735362
171,172,24,2008-05-14 04:23:57,(848.8699340820312-35.583152770996094j),(306.2667236328125-82.06538391113281j),(0.1636523147879765-0.12932025650923773j),(0.0868596047228582-0.0006624506709787734j),0.05956501303684226,0.08487011380929321
172,173,24,2008-05-14 05:46:58,(842.6060791015625-30.86859893798828j),(313.14794921875-86.96926879882812j),(0.1695404982422505-0.12714407119031915j),(0.0812981103686692-0.0011020450787882002j),0.058938187317504366,0.07953792065559018
173,174,24,2008-05-14 09:20:22,(849.272216796875-32.957313537597656j),(309.58160400390625-84.77759552001953j),(0.1658396256523186-0.12739199166570836j),(0.08455569921304563-0.0007864709246219962j),0.059853349010250065,0.08473917663733575
174,175,24,2008-05-14 10:43:12,(845.9596557617188-32.688072204589844j),(312.95745849609375-88.49854278564453j),(0.16915889109243737-0.125586020087788j),(0.07931054063425068-0.001960471118142069j),0.0584896827626018,0.07964370546866237
175,176,24,2008-05-14 14:03:22,(849.8922729492188-34.35747528076172j),(306.49530029296875-84.39493560791016j),(0.16480997631871877-0.12779069052969894j),(0.08686043670114256-0.0017920564032505592j),0.05874548029308314,0.08711721350349075
176,177,24,2008-05-14 15:26:13,(845.2991943359375-33.26011657714844j),(311.83795166015625-85.28155517578125j),(0.16820126291068555-0.1280821313840953j),(0.08120409666827903-0.0004344570065898616j),0.06134060755888107,0.07733665024296885
177,178,24,2008-05-14 18:59:38,(852.0353393554688-39.521934509277344j),(304.5555725097656-81.56698608398438j),(0.16048814299274014-0.1273429560525948j),(0.08516166741487219-0.000896568530490093j),0.06083767084489383,0.08490902777488013
178,179,24,2008-05-14 20:22:30,(847.1625366210938-33.25143051147461j),(309.9874572753906-87.17630004882812j),(0.16843328752762587-0.12620874409534494j),(0.08142487247107794-0.0010081683172194617j),0.05834271794334396,0.07994246159333938
179,180,24,2008-05-14 23:55:55,(852.3294677734375-34.515892028808594j),(305.7793273925781-83.61836242675781j),(0.16251325830834723-0.12798689413706846j),(0.0860668864392521-0.0017918943428768194j),0.05993762786815949,0.08479950183605617
180,181,24,2008-05-15 01:18:37,(845.4968872070312-31.293874740600586j),(312.6989440917969-86.623046875j),(0.1696423340362778-0.12730320459255257j),(0.07907070795317905-0.0008281140581731444j),0.05979534226516758,0.07964682734703848
181,182,24,2008-05-15 04:52:04,(852.5692749023438-36.735286712646484j),(305.8363952636719-84.690185546875j),(0.163891355152006-0.12804857025874944j),(0.08773216869598477-0.0012025672342883822j),0.05959588691816853,0.08518775171680287
182,183,24,2008-05-15 06:14:38,(845.6834716796875-33.57952117919922j),(313.647216796875-83.19815063476562j),(0.168659869766124-0.12686745653115608j),(0.08086216404822963-0.0012983212639217539j),0.05920398197966059,0.08007181105183933
183,184,24,2008-05-15 09:48:03,(852.833984375-36.08845520019531j),(307.7312927246094-82.61805725097656j),(0.1631792620570628-0.12755886805538527j),(0.0865468205608992-0.0009546997925315982j),0.058400743519397356,0.08632938236969102
184,185,24,2008-05-15 11:10:28,(847.3820190429688-33.30507278442383j),(310.88946533203125-86.7129898071289j),(0.16804253832833665-0.1276342785918057j),(0.08100346332562897-0.001442946536061388j),0.06134389439332634,0.07989290542746168
185,186,24,2008-05-15 14:38:58,(851.016357421875-34.21952819824219j),(307.52276611328125-82.55308532714844j),(0.16398469416501057-0.12770428542328743j),(0.08517058632160993-0.0005629969772757197j),0.06260506440345279,0.08502111899525971
186,187,24,2008-05-15 16:01:23,(846.7275390625-33.22389221191406j),(310.3456726074219-86.75811004638672j),(0.16837759552561857-0.12610174690041687j),(0.08082975348381514-0.0014443677968462606j),0.05881986188457543,0.07914854798469835
187,188,24,2008-05-15 19:24:46,(850.9591064453125-34.954864501953125j),(305.81634521484375-84.04597473144531j),(0.16409919126312356-0.12842468536287294j),(0.0855747900703786-0.00014760047358239082j),0.06115195391732467,0.08485577620272611
188,189,24,2008-05-15 20:47:12,(845.9949951171875-31.37511444091797j),(312.2552185058594-85.98019409179688j),(0.16912988770021814-0.1264572928154102j),(0.08023149963896144-0.0008287852862054736j),0.060462461899175826,0.08092668356466791
189,190,24,2008-05-16 00:09:33,(850.8692626953125-35.985801696777344j),(307.58349609375-83.2089614868164j),(0.16483694330814672-0.1294675267271726j),(0.08781220723919106-0.001084443372350991j),0.059630601199984506,0.0850345675980089
190,191,24,2008-05-16 22:28:31,(846.7686157226562-32.400352478027344j),(311.5258483886719-88.15191650390625j),(0.16877595883276236-0.12624420512474513j),(0.08010370881079071-0.002416604326754848j),0.06160738568225919,0.08020127504914304
191,192,24,2008-05-17 02:00:12,(851.7562255859375-34.30858612060547j),(307.8334655761719-84.81965637207031j),(0.16487128939014828-0.1267792949264578j),(0.08795379564564303-0.0007957829953676815j),0.060986669920577066,0.08583976882422588
192,193,24,2008-05-17 03:22:47,(848.0195922851562-33.64678955078125j),(311.6214599609375-84.79069519042969j),(0.16725994589979074-0.12734508045647833j),(0.0840919838106286-0.0014222834311272779j),0.060802701783849895,0.08185255727094856
193,194,24,2008-05-17 06:53:18,(852.5524291992188-36.15763854980469j),(306.3758850097656-80.29226684570312j),(0.16328351054411383-0.1293088703343011j),(0.08705310883819516-0.000607932723205202j),0.06100425704109886,0.08588436114872877
194,195,24,2008-05-17 08:15:45,(845.5347900390625-34.006683349609375j),(313.0888366699219-83.4700927734375j),(0.16719400176620558-0.1280151799376488j),(0.08190829403915913-0.0014072108029056668j),0.06147075614169803,0.08170752156365965
195,196,24,2008-05-17 11:49:14,(852.9283447265625-35.20485305786133j),(306.2508239746094-81.53947448730469j),(0.16118577268845097-0.12838598351283562j),(0.09036006890906577-0.0008330930065607805j),0.06232914782727364,0.08822161138920462
196,197,24,2008-05-17 13:11:30,(848.75-34.212806701660156j),(308.8464050292969-85.0510025024414j),(0.16658599575113323-0.12654382503924264j),(0.0819512374361182-0.0005535555453892589j),0.062141039518508724,0.08177099146255969
197,198,24,2008-05-17 16:43:35,(852.3255615234375-35.886871337890625j),(304.6289978027344-83.9637451171875j),(0.161641610213739-0.12610667630867947j),(0.08697437602182846-0.0011817829971883934j),0.061502762788551504,0.0872699062901812
198,199,24,2008-05-17 18:05:53,(845.367431640625-33.956138610839844j),(313.3864440917969-84.98409271240234j),(0.16853072284126-0.12684714396311583j),(0.08390716085088773-0.000651871277445053j),0.059631149799839814,0.08257600572707498
199,200,24,2008-05-17 21:38:49,(853.07373046875-37.53044891357422j),(305.6963195800781-83.1176986694336j),(0.1629636213941075-0.12784311724050426j),(0.08688272573614866-0.0015906739422083486j),0.06141907994833745,0.08720378292525818
200,201,24,2008-05-17 23:00:48,(850.0317993164062-33.82899475097656j),(309.25396728515625-85.21050262451172j),(0.16715343131277918-0.12856514069923747j),(0.08446965563682256-0.0011615445466342646j),0.061083512551729904,0.08239994758407483
201,202,24,2008-05-18 02:33:17,(856.5358276367188-38.03458786010742j),(301.8587951660156-81.08003997802734j),(0.15638979930229635-0.12726959855579484j),(0.08785365675684563-0.0013655240864612005j),0.06121665145307191,0.0872819262712242
202,203,24,2008-05-18 03:55:17,(847.1000366210938-32.31544494628906j),(311.4647521972656-86.23900604248047j),(0.16768353364742092-0.12703926943786095j),(0.0858786728346797-0.0013226194155079969j),0.06148387399714281,0.08269579716686087
203,204,24,2008-05-18 07:28:48,(855.2988891601562-37.214256286621094j),(302.8193054199219-81.87153625488281j),(0.15847711338262135-0.12719860188130652j),(0.0899916048698674-0.0016467575666258723j),0.062704070176938,0.08679111809854424
204,205,24,2008-05-18 08:50:48,(849.1890258789062-35.315216064453125j),(309.68316650390625-83.22415161132812j),(0.16543707748631653-0.12706885329399362j),(0.08441622539745627-0.0023529647701774265j),0.0617088861822979,0.08329169748855401
205,206,24,2008-05-18 12:12:46,(854.7094116210938-35.56657028198242j),(303.4915466308594-82.22312927246094j),(0.16081932040866828-0.12688399992439206j),(0.08929757000213531-0.0009659036819622355j),0.06172613583587411,0.0883779260119075
206,207,24,2008-05-18 13:34:37,(848.4158935546875-35.86515808105469j),(308.2112121582031-81.46839904785156j),(0.16402799103901564-0.12863803620739922j),(0.0838483362035741-0.0008994927757348566j),0.06088889899741356,0.08311038310685015
207,208,24,2008-05-18 17:04:27,(853.4790649414062-36.739013671875j),(303.4714660644531-82.47383117675781j),(0.16057182706637776-0.12752839366179938j),(0.08873081130781052-0.0007172491153804129j),0.06185223703499693,0.08697922184678317
208,209,24,2008-05-18 18:26:10,(847.5391235351562-34.09723663330078j),(309.8828125-83.55099487304688j),(0.16656522339456592-0.12846444313292318j),(0.0836892727338494-0.0008090833488927528j),0.06106743458543022,0.08375435203587812
209,210,24,2008-05-18 21:59:40,(854.14697265625-37.329978942871094j),(304.9137878417969-80.6689682006836j),(0.16039938093927125-0.1274187639951663j),(0.09076367413405835-0.0011311549252233759j),0.06310358102659182,0.08852234569242505
210,211,24,2008-05-18 23:21:28,(845.1910400390625-33.42889404296875j),(312.9326171875-87.3466567993164j),(0.16782897779252212-0.1270157801433277j),(0.0823880168190848-0.0013574988860607451j),0.06084445004689351,0.08308225537417147
211,212,24,2008-05-19 02:55:02,(853.8448486328125-38.13167190551758j),(305.31097412109375-81.97630310058594j),(0.16021328876915963-0.12793929539643253j),(0.09071821033981257-0.0007120464413538385j),0.06228746060457266,0.08923087570947913
212,213,24,2008-05-19 04:16:50,(849.8142700195312-34.74528121948242j),(309.8703308105469-84.1623764038086j),(0.16649941903609722-0.12879232002848062j),(0.08279214802384494-0.0006354398868416448j),0.06351594916063175,0.08411816433198452
213,214,24,2008-05-19 07:49:12,(854.6588134765625-38.120628356933594j),(303.6968688964844-79.99038696289062j),(0.15904480753771835-0.12903492197796j),(0.08914858008918163-0.0012446511737010497j),0.06270549893166993,0.08838724457648714
214,215,24,2008-05-20 02:06:32,(840.9351196289062-31.832565307617188j),(317.1351318359375-87.76838684082031j),(0.17024685155651303-0.12717078386984754j),(0.07638371180574928-0.000269246945318832j),0.05609876336075707,0.0751803131352498
215,216,24,2008-05-20 05:40:03,(849.511474609375-34.53620147705078j),(309.5904846191406-84.70770263671875j),(0.16662479500466534-0.12783406836643194j),(0.08150325612928172-0.0005511909481395274j),0.053286381622558374,0.08156856568421471
216,217,24,2008-05-20 07:01:47,(843.32763671875-30.405221939086914j),(316.22430419921875-88.46881866455078j),(0.1699069090614039-0.12617751798462162j),(0.0774163371588772-0.0012377482074792262j),0.05438777538615831,0.07604192318654494
217,218,24,2008-05-20 10:35:19,(849.9857788085938-35.14207458496094j),(308.7455139160156-84.94925689697266j),(0.16635928373371167-0.12794590685036075j),(0.0826597504712914-0.001294694773843413j),0.05293147474045376,0.08275693411495888
218,219,24,2008-05-20 11:56:55,(842.6341552734375-30.00692367553711j),(318.8191833496094-86.95558166503906j),(0.16895361377985307-0.126613780174738j),(0.07606636917128039-0.000979375043195496j),0.054476476622608364,0.07673140547029404
219,220,24,2008-05-20 15:25:23,(848.1566162109375-32.994972229003906j),(309.67547607421875-84.2581558227539j),(0.16592598650285556-0.12717607680994972j),(0.08288634630223693-0.0011261988701828259j),0.05588929297745871,0.08226321054006082
220,221,24,2008-05-20 16:46:59,(842.9639282226562-31.004114151000977j),(313.7790222167969-87.32586669921875j),(0.1689549252974691-0.12672836850951222j),(0.07886469571366897-0.0012612111286193267j),0.05599607903184257,0.07651440849093617
221,222,24,2008-05-20 20:18:35,(849.728271484375-33.69220733642578j),(310.0546569824219-84.98554229736328j),(0.16585412366000887-0.1284385078492869j),(0.08270004670524048-0.0014201447516555157j),0.05841778368115902,0.08029809490533976
222,223,24,2008-05-20 21:40:11,(840.9444580078125-30.80331802368164j),(315.95361328125-88.34091186523438j),(0.16914071916745607-0.1261045917275621j),(0.07777653374107833-0.0009269320310127431j),0.052279965818119264,0.07486615123258515
223,224,24,2008-05-21 01:07:35,(847.9569702148438-32.49650573730469j),(311.2978515625-85.91209411621094j),(0.16902142699866218-0.12785705823147925j),(0.08298494770149892-0.0012867508781955765j),0.056411433170262516,0.0819223123309917
224,225,24,2008-05-21 02:29:02,(839.0538330078125-31.024356842041016j),(319.76080322265625-87.5031967163086j),(0.17013354892432359-0.12765860910189084j),(0.07727465589382586+0.0001862598761619636j),0.05350804531294866,0.07610419438082021
225,226,24,2008-05-21 05:52:23,(847.8646240234375-35.749114990234375j),(311.1307067871094-83.17144012451172j),(0.16490221537838998-0.12926663695629156j),(0.08045639195084188-0.0004099308224966475j),0.05568015964086863,0.08177399086572994
226,227,24,2008-05-21 07:13:41,(842.1447143554688-30.070932388305664j),(317.10296630859375-89.48335266113281j),(0.1702241009574133-0.12615723710834953j),(0.0775555038132305-0.001137892348512758j),0.053892806183993766,0.07778309560578801
227,228,24,2008-05-21 10:46:01,(849.5880126953125-35.80650329589844j),(306.6611633300781-82.21434783935547j),(0.16482307829798798-0.127368046679366j),(0.08296275676993023-0.0010900940676096447j),0.056210257603528525,0.08328067168438782
228,229,24,2008-05-21 12:07:20,(842.5118408203125-31.509227752685547j),(316.2122497558594-85.7215347290039j),(0.16985819769260602-0.12693594197764976j),(0.07702310161299376-0.000747419200510564j),0.05500261254176024,0.0770552542641119
229,230,24,2008-05-21 15:38:16,(847.3800659179688-33.51911926269531j),(309.8757629394531-85.02816772460938j),(0.16764256111355866-0.12737617437137266j),(0.08537271361818638-0.0013351847902235553j),0.05579452141186236,0.0829501208969064
230,231,24,2008-05-21 16:59:36,(841.7650756835938-30.893142700195312j),(315.98101806640625-86.85836791992188j),(0.1701322519258189-0.12785653489026255j),(0.07813431718569827-0.0008967012377938439j),0.055477936916064945,0.07700167355105111
231,232,24,2008-05-21 20:30:05,(848.3687133789062-33.61279296875j),(309.8182678222656-85.16483306884766j),(0.16737438490169998-0.12762377671116648j),(0.08577324638564113-0.0014625325128112654j),0.057799714665998925,0.08190303229216056
232,233,24,2008-05-21 21:51:16,(840.8848876953125-32.85697555541992j),(316.30230712890625-86.44567108154297j),(0.1696557809627501-0.127396184570188j),(0.07778516449475692-0.0008948867531786679j),0.055131598162180676,0.07705565644815345
233,234,24,2008-05-22 01:10:54,(851.2045288085938-34.0884895324707j),(308.8291931152344-85.16796112060547j),(0.16540712747332353-0.1272016745264902j),(0.08240253067680044-0.0006178070948072305j),0.05577529472858128,0.08294674118422612
234,235,24,2008-05-22 02:32:06,(844.4365844726562-31.6754150390625j),(313.3547058105469-86.52314758300781j),(0.16961055828673074-0.12676145570775166j),(0.07656143384521623-0.0006176381005226742j),0.05581143896033036,0.07655193817591452
235,236,24,2008-05-22 06:00:35,(852.101806640625-34.59397888183594j),(307.71917724609375-85.52249908447266j),(0.16607106411267403-0.12709727271211899j),(0.08366077881554486-0.00114728273046629j),0.056559391313402284,0.08237490117893426
236,237,24,2008-05-22 07:21:37,(844.4718017578125-31.380184173583984j),(311.81353759765625-86.39900970458984j),(0.1689627503458563-0.1260794028483732j),(0.07853638018074-0.001242227095679001j),0.05517339070760031,0.07730223904611441
237,238,24,2008-05-22 10:51:17,(850.312255859375-34.81618881225586j),(306.8155822753906-83.342041015625j),(0.16447371867690555-0.12737237300651477j),(0.08584996128674315-0.002398710908583912j),0.05334424687864744,0.08448562230827522
238,239,24,2008-05-22 12:12:19,(845.4151611328125-32.741050720214844j),(310.8404235839844-86.16180419921875j),(0.16807810122987915-0.1268953242575947j),(0.08027203414329998-0.001717294392528686j),0.05620338276580351,0.07843574895859332
239,240,24,2008-05-22 15:45:53,(849.710693359375-32.04265594482422j),(308.474609375-85.3620376586914j),(0.16625759972129298-0.1266927221051677j),(0.08344640116649636-0.001396508130205841j),0.056262478978249195,0.0830662312193171
240,241,24,2008-05-22 17:06:57,(844.6080932617188-31.508832931518555j),(313.0971984863281-86.11776733398438j),(0.16836464113694002-0.1270690925246578j),(0.0793525044894967-0.0011179423119140888j),0.054122848764169285,0.07853439066990606
241,242,24,2008-05-22 20:27:44,(849.662109375-35.058494567871094j),(310.4651184082031-84.9014892578125j),(0.16705351692649664-0.1283406724142551j),(0.08623704948340374-0.001408158220168272j),0.05339424998746291,0.08335635527903888
242,243,24,2008-05-22 21:48:39,(842.123291015625-31.781675338745117j),(315.49578857421875-86.16096496582031j),(0.16980584681253777-0.1270221249560641j),(0.08021162261998144-0.001491869108525391j),0.05545823824882687,0.07866069372174239
243,244,24,2008-05-23 11:41:10,(853.125244140625-35.36548614501953j),(305.0711364746094-82.62069702148438j),(0.1618217141290116-0.12719779065380968j),(0.08842547606335184-0.00198540773500885j),0.05854525235071128,0.08836885185980756
244,245,24,2008-05-23 13:02:15,(848.1979370117188-33.6131477355957j),(310.7567443847656-85.29806518554688j),(0.1675774458596207-0.12703207564146943j),(0.08160840279106557-0.0018064123279494945j),0.057849417299627566,0.08078773867849699
245,246,24,2008-05-23 21:03:54,(846.5904541015625-33.257476806640625j),(311.4067687988281-84.32837677001953j),(0.16777799747116973-0.1274596838069044j),(0.07856271712192504-0.0006733658710014597j),0.05861499608457943,0.0815465143150512
246,247,24,2008-05-24 00:37:15,(853.4591674804688-33.99110412597656j),(304.5294494628906-83.57612609863281j),(0.1619443777185415-0.12693394059075078j),(0.08704111664043397-0.0014088640893182667j),0.06142385686894261,0.08496390395839584
247,248,24,2008-05-24 01:58:28,(842.8317260742188-31.96495246887207j),(314.6712646484375-86.39472961425781j),(0.16920571505464574-0.12639572168717791j),(0.08116420842887308-0.0009060579607211691j),0.05514590684509453,0.08131922130895523
248,249,24,2008-05-24 05:28:14,(851.9024047851562-33.86382293701172j),(307.7666015625-83.22305297851562j),(0.1637699242089148-0.12839054590125606j),(0.08917407674648462-0.0009677827167194272j),0.05952338030179974,0.08720833121299235
249,250,24,2008-05-24 06:49:19,(848.1652221679688-35.32304382324219j),(309.6588134765625-83.22858428955078j),(0.1672394493375141-0.1288832288550372j),(0.08212967138100208-0.001633766585299507j),0.060395218506932496,0.08118649064632041
250,251,24,2008-05-24 10:10:44,(853.90625-35.61418533325195j),(303.6880798339844-83.42910766601562j),(0.16139297316227988-0.12679397477040705j),(0.0891964119146225-0.0009564476663572816j),0.05926159085880675,0.08777868669454861
251,252,24,2008-05-24 11:31:49,(847.83935546875-34.94213104248047j),(311.6748962402344-83.75099182128906j),(0.16742114831575064-0.1282614957685765j),(0.0846321989007456-0.0015106724283881904j),0.05837332151817875,0.08168688613354813
252,253,24,2008-05-24 14:59:04,(854.4624633789062-34.85218048095703j),(303.2451171875-83.85658264160156j),(0.16206299009868336-0.12581105406807866j),(0.08899171199395772-0.0017603193540958245j),0.05952378458944331,0.08843007755224046
253,254,24,2008-05-24 16:20:01,(847.5772705078125-34.541954040527344j),(310.32806396484375-84.2005844116211j),(0.16674060887807904-0.1278509653535691j),(0.0848255607650618-0.001653141862201819j),0.058915317530095296,0.08242888973447615
254,255,24,2008-05-24 19:49:07,(853.1023559570312-35.75833511352539j),(302.30523681640625-81.4474868774414j),(0.1591906380426272-0.12659783585792783j),(0.08792715001903394-0.0017378029252306574j),0.05967664811705819,0.08584374973711092
255,256,24,2008-05-24 21:10:04,(845.521728515625-32.8478889465332j),(313.00421142578125-86.28807067871094j),(0.16921498984651323-0.12666776440256683j),(0.08250779516971876-0.0015082296299632069j),0.05679308055986898,0.08277241951062583
256,257,24,2008-05-25 00:34:43,(851.6732177734375-36.5858154296875j),(306.936279296875-81.84590148925781j),(0.16498911723962986-0.1294880310978256j),(0.09073462289936635-0.001615319923658489j),0.05975988463048883,0.08662483639594361
257,258,24,2008-05-25 01:55:30,(851.5712890625-33.069583892822266j),(305.77239990234375-85.79000091552734j),(0.1643558533622583-0.1259015571571707j),(0.08469357339136954-0.0018221186364358092j),0.061548802456462645,0.08166650115809095
258,259,24,2008-05-25 05:25:11,(854.4984130859375-36.09210968017578j),(303.8604736328125-84.1601333618164j),(0.1624856633368271-0.12690894796592808j),(0.08731918315772769-0.0013500425350707614j),0.05950259165745283,0.08636882918668189
259,260,24,2008-05-25 06:45:59,(845.4087524414062-34.163734436035156j),(313.31585693359375-84.58583068847656j),(0.16960720868559123-0.12813656507531193j),(0.08219146806028245-0.0012124407748721206j),0.05815785715365463,0.08076638409033879
260,261,24,2008-05-25 10:19:30,(853.2772216796875-37.1346549987793j),(304.0343017578125-81.32659912109375j),(0.16141759488633906-0.12881348726705655j),(0.09121174702644355-0.0011479688898050288j),0.05955598055289399,0.08821831541627395
261,262,24,2008-05-25 11:40:09,(846.79345703125-32.599613189697266j),(310.4017639160156-86.58724975585938j),(0.16740133313822264-0.12686798729713752j),(0.08174856023507807-0.001165002547260106j),0.05998242374388253,0.08040837607181418
262,263,24,2008-05-25 15:05:01,(853.3208618164062-37.70622253417969j),(304.1803894042969-81.23983001708984j),(0.16048893292766286-0.12777577532589318j),(0.08866440803166974-0.001477173555426254j),0.05949136479118529,0.08873029794077426
263,264,24,2008-05-25 16:25:42,(847.4243774414062-33.77598571777344j),(309.64617919921875-84.45372009277344j),(0.16737325638103928-0.12735513940584645j),(0.08145593888887591-0.0017499226898068378j),0.06032121649663735,0.080340961111739
264,265,24,2008-05-25 19:50:54,(854.2197875976562-33.072357177734375j),(302.2819519042969-84.87623596191406j),(0.1615431347618996-0.12686889950886723j),(0.08766566005122953-0.0016342723668124884j),0.06052114924707915,0.08753623977970666
265,266,24,2008-05-25 21:11:31,(848.6068725585938-33.87108612060547j),(309.6247253417969-83.73812866210938j),(0.1658354421066544-0.1268411429107868j),(0.08173320026787675-0.0012645768411359277j),0.05960681398165175,0.08219508357127864
266,267,24,2008-05-26 00:40:52,(855.1180419921875-34.78184509277344j),(303.81060791015625-82.9003677368164j),(0.16062362343036088-0.1275790109047074j),(0.0907292704369739-0.0007517238285881192j),0.05982677899726283,0.08853801860235527
267,268,24,2008-05-26 02:01:29,(848.9807739257812-31.949148178100586j),(309.6212463378906-86.77110290527344j),(0.16818698392950135-0.1259996739763734j),(0.08431222443660841-0.0018498629549057294j),0.061154671315268125,0.0812995137183745
268,269,24,2008-05-26 05:28:58,(856.7999877929688-35.573760986328125j),(300.9274597167969-82.22223663330078j),(0.15723606420475947-0.12613153621958345j),(0.08855084510656586-0.0008172285324950174j),0.057944393691446945,0.08890519876854222
269,270,24,2008-05-26 06:49:35,(847.9610595703125-32.14171600341797j),(310.25311279296875-87.47579193115234j),(0.16965333321645504-0.12842274643799614j),(0.08645636372063817-0.001340754964871428j),0.05499483450370441,0.08325251281361706
270,271,24,2008-05-26 10:12:28,(855.2127685546875-33.4967041015625j),(302.2032470703125-84.57823944091797j),(0.1591422232831155-0.12552856582473104j),(0.08937106084660838-0.0014469374725596016j),0.06175931225184275,0.0847212726764891
271,272,24,2008-05-26 11:32:56,(850.674072265625-35.262290954589844j),(308.3391418457031-82.58364868164062j),(0.16545781339254284-0.12732231066526964j),(0.08248885813656089-0.0008656925451267015j),0.058456129317427746,0.08270193673891646
272,273,24,2008-05-26 14:58:33,(854.1858520507812-35.36101150512695j),(303.7874755859375-82.79759216308594j),(0.1610723100355942-0.12632248865271403j),(0.0907477084536569-0.0012793805106578813j),0.05898908039586478,0.08573621892771217
273,274,24,2008-05-26 16:19:02,(845.5702514648438-32.929229736328125j),(311.45269775390625-87.19390106201172j),(0.17011354563790104-0.12697969192327424j),(0.08351369036856392-0.0016822113965581768j),0.05880084419395591,0.08236983437565949
274,275,24,2008-05-26 19:48:54,(855.5643310546875-34.229095458984375j),(304.6396179199219-85.30620574951172j),(0.16289481978550963-0.12678318957419057j),(0.09097882090652723-0.0015934293227373084j),0.05763029720163586,0.08742389347930328
275,276,24,2008-05-26 21:09:22,(846.8787231445312-34.27056121826172j),(309.49859619140625-85.35306549072266j),(0.16791277308674918-0.12615268431074889j),(0.0825817142558912-0.0009155722101711122j),0.05898388938334406,0.08252211755101288
276,277,24,2008-05-27 00:27:55,(854.0391235351562-35.017059326171875j),(302.7841796875-84.2120590209961j),(0.15927478987261467-0.12501521885479272j),(0.08910421154282676-0.0017155197976722364j),0.057823749393303175,0.08975687046479841
277,278,24,2008-05-27 21:34:28,(839.7420654296875-31.555418014526367j),(319.9090576171875-88.9902572631836j),(0.1696805376998158-0.12604989557605306j),(0.07466993396470449-0.001346345190383052j),0.05003573195803179,0.07479234613687553
